stack-buffer-overflow | > vsprintf (sentinel_telemetry_asan_ubsan+0x57c4e) (BuildId: 462474cdee1fe5275def3aad7d467b26fdbb53f9) > sprintf (sentinel_telemetry_asan_ubsan+0x58e0e) (BuildId: 462474cdee1fe5275def3aad7d467b26fdbb53f9) > process_telemetry_directive sentinel_telemetry.c:100	fuzz_out_asan_ubsan/default/crashes/id:000000,sig:06,src:000000,time:6806,execs:477,op:havoc,rep:3
stack-buffer-overflow | > vsprintf (sentinel_telemetry_asan_ubsan+0x57c4e) (BuildId: 462474cdee1fe5275def3aad7d467b26fdbb53f9) > sprintf (sentinel_telemetry_asan_ubsan+0x58e0e) (BuildId: 462474cdee1fe5275def3aad7d467b26fdbb53f9) > process_telemetry_directive sentinel_telemetry.c:100	fuzz_out_asan_ubsan/default/crashes/id:000001,sig:06,src:000000,time:9229,execs:647,op:havoc,rep:6
stack-buffer-overflow | > vsprintf (sentinel_telemetry_asan_ubsan+0x57c4e) (BuildId: 462474cdee1fe5275def3aad7d467b26fdbb53f9) > sprintf (sentinel_telemetry_asan_ubsan+0x58e0e) (BuildId: 462474cdee1fe5275def3aad7d467b26fdbb53f9) > process_telemetry_directive sentinel_telemetry.c:100	fuzz_out_asan_ubsan/default/crashes/id:000002,sig:06,src:000000,time:9304,execs:651,op:havoc,rep:5
stack-buffer-overflow | > vsprintf (sentinel_telemetry_asan_ubsan+0x57c4e) (BuildId: 462474cdee1fe5275def3aad7d467b26fdbb53f9) > sprintf (sentinel_telemetry_asan_ubsan+0x58e0e) (BuildId: 462474cdee1fe5275def3aad7d467b26fdbb53f9) > process_telemetry_directive sentinel_telemetry.c:100	fuzz_out_asan_ubsan/default/crashes/id:000003,sig:06,src:000000,time:10293,execs:717,op:havoc,rep:7
stack-buffer-overflow | > vsprintf (sentinel_telemetry_asan_ubsan+0x57c4e) (BuildId: 462474cdee1fe5275def3aad7d467b26fdbb53f9) > sprintf (sentinel_telemetry_asan_ubsan+0x58e0e) (BuildId: 462474cdee1fe5275def3aad7d467b26fdbb53f9) > process_telemetry_directive sentinel_telemetry.c:100	fuzz_out_asan_ubsan/default/crashes/id:000004,sig:06,src:000000,time:12551,execs:864,op:havoc,rep:8
stack-buffer-overflow |	fuzz_out_asan_ubsan/default/crashes/id:000005,sig:06,src:000000,time:13185,execs:909,op:havoc,rep:6
stack-buffer-overflow | > vsprintf (sentinel_telemetry_asan_ubsan+0x57c4e) (BuildId: 462474cdee1fe5275def3aad7d467b26fdbb53f9) > sprintf (sentinel_telemetry_asan_ubsan+0x58e0e) (BuildId: 462474cdee1fe5275def3aad7d467b26fdbb53f9) > process_telemetry_directive sentinel_telemetry.c:100	fuzz_out_asan_ubsan/default/crashes/id:000006,sig:06,src:000000,time:16128,execs:1118,op:havoc,rep:5
requested | > malloc (sentinel_telemetry_asan_ubsan+0xd3a28) (BuildId: 462474cdee1fe5275def3aad7d467b26fdbb53f9) > allocate_auxiliary_buffer sentinel_telemetry.c:55 > process_telemetry_directive sentinel_telemetry.c:94	fuzz_out_asan_ubsan/default/crashes/id:000007,sig:06,src:000000,time:25325,execs:1742,op:havoc,rep:2
stack-buffer-overflow | > vsprintf (sentinel_telemetry_asan_ubsan+0x57c4e) (BuildId: 462474cdee1fe5275def3aad7d467b26fdbb53f9) > sprintf (sentinel_telemetry_asan_ubsan+0x58e0e) (BuildId: 462474cdee1fe5275def3aad7d467b26fdbb53f9) > process_telemetry_directive sentinel_telemetry.c:100	fuzz_out_asan_ubsan/default/crashes/id:000008,sig:06,src:000000,time:58158,execs:3928,op:havoc,rep:8
stack-buffer-overflow | > vsprintf (sentinel_telemetry_asan_ubsan+0x57c4e) (BuildId: 462474cdee1fe5275def3aad7d467b26fdbb53f9) > sprintf (sentinel_telemetry_asan_ubsan+0x58e0e) (BuildId: 462474cdee1fe5275def3aad7d467b26fdbb53f9) > process_telemetry_directive sentinel_telemetry.c:100	fuzz_out_asan_ubsan/default/crashes/id:000009,sig:06,src:000000,time:140453,execs:8973,op:havoc,rep:7
stack-buffer-overflow | > vsprintf (sentinel_telemetry_asan_ubsan+0x57c4e) (BuildId: 462474cdee1fe5275def3aad7d467b26fdbb53f9) > sprintf (sentinel_telemetry_asan_ubsan+0x58e0e) (BuildId: 462474cdee1fe5275def3aad7d467b26fdbb53f9) > process_telemetry_directive sentinel_telemetry.c:100	fuzz_out_asan_ubsan/default/crashes/id:000010,sig:06,src:000038,time:178844,execs:11405,op:havoc,rep:6
stack-buffer-overflow | > vsprintf (sentinel_telemetry_asan_ubsan+0x57c4e) (BuildId: 462474cdee1fe5275def3aad7d467b26fdbb53f9) > sprintf (sentinel_telemetry_asan_ubsan+0x58e0e) (BuildId: 462474cdee1fe5275def3aad7d467b26fdbb53f9) > process_telemetry_directive sentinel_telemetry.c:100	fuzz_out_asan_ubsan/default/crashes/id:000011,sig:06,src:000038,time:180217,execs:11499,op:havoc,rep:6
stack-buffer-overflow | > vsprintf (sentinel_telemetry_asan_ubsan+0x57c4e) (BuildId: 462474cdee1fe5275def3aad7d467b26fdbb53f9) > sprintf (sentinel_telemetry_asan_ubsan+0x58e0e) (BuildId: 462474cdee1fe5275def3aad7d467b26fdbb53f9) > process_telemetry_directive sentinel_telemetry.c:100	fuzz_out_asan_ubsan/default/crashes/id:000012,sig:06,src:000038,time:194460,execs:12387,op:havoc,rep:5
stack-buffer-overflow | > vsprintf (sentinel_telemetry_asan_ubsan+0x57c4e) (BuildId: 462474cdee1fe5275def3aad7d467b26fdbb53f9) > sprintf (sentinel_telemetry_asan_ubsan+0x58e0e) (BuildId: 462474cdee1fe5275def3aad7d467b26fdbb53f9) > process_telemetry_directive sentinel_telemetry.c:100	fuzz_out_asan_ubsan/default/crashes/id:000013,sig:06,src:000038,time:210893,execs:13497,op:havoc,rep:7
stack-buffer-overflow | > vsprintf (sentinel_telemetry_asan_ubsan+0x57c4e) (BuildId: 462474cdee1fe5275def3aad7d467b26fdbb53f9) > sprintf (sentinel_telemetry_asan_ubsan+0x58e0e) (BuildId: 462474cdee1fe5275def3aad7d467b26fdbb53f9) > process_telemetry_directive sentinel_telemetry.c:100	fuzz_out_asan_ubsan/default/crashes/id:000014,sig:06,src:000038,time:213517,execs:13680,op:havoc,rep:6
stack-buffer-overflow | > vsprintf (sentinel_telemetry_asan_ubsan+0x57c4e) (BuildId: 462474cdee1fe5275def3aad7d467b26fdbb53f9) > sprintf (sentinel_telemetry_asan_ubsan+0x58e0e) (BuildId: 462474cdee1fe5275def3aad7d467b26fdbb53f9) > process_telemetry_directive sentinel_telemetry.c:100	fuzz_out_asan_ubsan/default/crashes/id:000015,sig:06,src:000027,time:242557,execs:15657,op:havoc,rep:15
stack-buffer-overflow | > vsprintf (sentinel_telemetry_asan_ubsan+0x57c4e) (BuildId: 462474cdee1fe5275def3aad7d467b26fdbb53f9) > sprintf (sentinel_telemetry_asan_ubsan+0x58e0e) (BuildId: 462474cdee1fe5275def3aad7d467b26fdbb53f9) > process_telemetry_directive sentinel_telemetry.c:100	fuzz_out_asan_ubsan/default/crashes/id:000016,sig:06,src:000021,time:246266,execs:15921,op:havoc,rep:3
stack-buffer-overflow | > vsprintf (sentinel_telemetry_asan_ubsan+0x57c4e) (BuildId: 462474cdee1fe5275def3aad7d467b26fdbb53f9) > sprintf (sentinel_telemetry_asan_ubsan+0x58e0e) (BuildId: 462474cdee1fe5275def3aad7d467b26fdbb53f9) > process_telemetry_directive sentinel_telemetry.c:100	fuzz_out_asan_ubsan/default/crashes/id:000017,sig:06,src:000057,time:311679,execs:20426,op:havoc,rep:1
stack-buffer-overflow | > vsprintf (sentinel_telemetry_asan_ubsan+0x57c4e) (BuildId: 462474cdee1fe5275def3aad7d467b26fdbb53f9) > sprintf (sentinel_telemetry_asan_ubsan+0x58e0e) (BuildId: 462474cdee1fe5275def3aad7d467b26fdbb53f9) > process_telemetry_directive sentinel_telemetry.c:100	fuzz_out_asan_ubsan/default/crashes/id:000018,sig:06,src:000064,time:323253,execs:21213,op:havoc,rep:9
no-repro |	fuzz_out_asan_ubsan/default/crashes/id:000019,sig:04,src:000039,time:462491,execs:30699,op:havoc,rep:16
stack-buffer-overflow | > vsprintf (sentinel_telemetry_asan_ubsan+0x57c4e) (BuildId: 462474cdee1fe5275def3aad7d467b26fdbb53f9) > sprintf (sentinel_telemetry_asan_ubsan+0x58e0e) (BuildId: 462474cdee1fe5275def3aad7d467b26fdbb53f9) > process_telemetry_directive sentinel_telemetry.c:100	fuzz_out_asan_ubsan/default/crashes/id:000020,sig:06,src:000065,time:602192,execs:40202,op:havoc,rep:15
stack-buffer-overflow | > vsprintf (sentinel_telemetry_asan_ubsan+0x57c4e) (BuildId: 462474cdee1fe5275def3aad7d467b26fdbb53f9) > sprintf (sentinel_telemetry_asan_ubsan+0x58e0e) (BuildId: 462474cdee1fe5275def3aad7d467b26fdbb53f9) > process_telemetry_directive sentinel_telemetry.c:100	fuzz_out_asan_ubsan/default/crashes/id:000021,sig:06,src:000081,time:664833,execs:43986,op:havoc,rep:13
stack-buffer-overflow |	fuzz_out_asan_ubsan/default/crashes/id:000022,sig:06,src:000081,time:691015,execs:45436,op:havoc,rep:8
no-repro |	fuzz_out_asan_ubsan/default/crashes/id:000023,sig:06,src:000033,time:2301029,execs:107681,op:havoc,rep:20
