negative-size-param | > append_telecommand_payload sentinel_network.c:68 > dispatch_telecommand sentinel_network.c:128 > old_main sentinel_network.c:180	findings/asan_ubsan/crashes/id:000000,sig:06,src:000002,time:107,execs:116,op:flip2,pos:4
stack-buffer-overflow | > vsprintf (sentinel_network_asan_ubsan+0x4380d) (BuildId: 006626492187b053caab2cf57757f866090167d7) > sprintf (sentinel_network_asan_ubsan+0x4472c) (BuildId: 006626492187b053caab2cf57757f866090167d7) > log_telecommand_header sentinel_network.c:43	findings/asan_ubsan/crashes/id:000001,sig:06,src:000001,time:2893,execs:2652,op:havoc,rep:9
heap-buffer-overflow | > append_telecommand_payload sentinel_network.c:68 > dispatch_telecommand sentinel_network.c:136 > old_main sentinel_network.c:180	findings/asan_ubsan/crashes/id:000002,sig:06,src:000009,time:3106,execs:2829,op:havoc,rep:8
no-repro |	findings/asan_ubsan/crashes/id:000003,sig:04,src:000009,time:3126,execs:2834,op:havoc,rep:3
no-repro |	findings/asan_ubsan/crashes/id:000004,sig:04,src:000009,time:3635,execs:3282,op:havoc,rep:1
heap-use-after-free | > release_telecommand_record sentinel_network.c:73 > emergency_command_cleanup sentinel_network.c:83 > old_main sentinel_network.c:189	findings/asan_ubsan/crashes/id:000005,sig:06,src:000003,time:5910,execs:4994,op:havoc,rep:1
no-repro |	findings/asan_ubsan/crashes/id:000006,sig:04,src:000011,time:17439,execs:13973,op:havoc,rep:4
heap-use-after-free | > release_telecommand_record sentinel_network.c:73 > emergency_command_cleanup sentinel_network.c:83 > old_main sentinel_network.c:189	findings/asan_ubsan/crashes/id:000007,sig:06,src:000013,time:24706,execs:18302,op:havoc,rep:5
heap-use-after-free | > release_telecommand_record sentinel_network.c:73 > emergency_command_cleanup sentinel_network.c:83 > old_main sentinel_network.c:189	findings/asan_ubsan/crashes/id:000008,sig:06,src:000013,time:24909,execs:18403,op:havoc,rep:1
heap-use-after-free | > release_telecommand_record sentinel_network.c:73 > emergency_command_cleanup sentinel_network.c:83 > old_main sentinel_network.c:189	findings/asan_ubsan/crashes/id:000009,sig:06,src:000013,time:29254,execs:20630,op:havoc,rep:4
no-repro |	findings/asan_ubsan/crashes/id:000010,sig:04,src:000017,time:40477,execs:26200,op:havoc,rep:1
no-repro |	findings/asan_ubsan/crashes/id:000011,sig:04,src:000021,time:51669,execs:30559,op:havoc,rep:3
heap-use-after-free | > release_telecommand_record sentinel_network.c:73 > emergency_command_cleanup sentinel_network.c:83 > old_main sentinel_network.c:189	findings/asan_ubsan/crashes/id:000012,sig:06,src:000021,time:51875,execs:30627,op:havoc,rep:2
heap-buffer-overflow | > append_telecommand_payload sentinel_network.c:68 > dispatch_telecommand sentinel_network.c:136 > old_main sentinel_network.c:180	findings/asan_ubsan/crashes/id:000013,sig:06,sync:master_nosan,src:000023
no-repro |	findings/asan_ubsan/crashes/id:000014,sig:04,src:000023,time:70630,execs:37973,op:havoc,rep:2
no-repro |	findings/asan_ubsan/crashes/id:000015,sig:04,sync:master_nosan,src:000024
heap-use-after-free | > release_telecommand_record sentinel_network.c:73 > emergency_command_cleanup sentinel_network.c:83 > old_main sentinel_network.c:189	findings/asan_ubsan/crashes/id:000016,sig:06,src:000019,time:81388,execs:42638,op:havoc,rep:1
heap-use-after-free | > release_telecommand_record sentinel_network.c:73 > emergency_command_cleanup sentinel_network.c:83 > old_main sentinel_network.c:189	findings/asan_ubsan/crashes/id:000017,sig:06,src:000027,time:159542,execs:77729,op:havoc,rep:2
heap-use-after-free | > release_telecommand_record sentinel_network.c:73 > emergency_command_cleanup sentinel_network.c:83 > old_main sentinel_network.c:189	findings/asan_ubsan/crashes/id:000018,sig:06,src:000027,time:189094,execs:90278,op:havoc,rep:3
heap-use-after-free | > release_telecommand_record sentinel_network.c:73 > emergency_command_cleanup sentinel_network.c:83 > old_main sentinel_network.c:189	findings/asan_ubsan/crashes/id:000019,sig:06,src:000027,time:192261,execs:91314,op:havoc,rep:3
heap-use-after-free | > release_telecommand_record sentinel_network.c:73 > emergency_command_cleanup sentinel_network.c:83 > old_main sentinel_network.c:189	findings/asan_ubsan/crashes/id:000020,sig:06,src:000027,time:314669,execs:144402,op:havoc,rep:1
heap-use-after-free | > release_telecommand_record sentinel_network.c:73 > emergency_command_cleanup sentinel_network.c:83 > old_main sentinel_network.c:189	findings/asan_ubsan/crashes/id:000021,sig:06,src:000030,time:602211,execs:257694,op:havoc,rep:3
heap-use-after-free | > release_telecommand_record sentinel_network.c:73 > emergency_command_cleanup sentinel_network.c:83 > old_main sentinel_network.c:189	findings/asan_ubsan/crashes/id:000022,sig:06,src:000057,time:3509606,execs:1264061,op:havoc,rep:63
negative-size-param | > append_telecommand_payload sentinel_network.c:68 > dispatch_telecommand sentinel_network.c:128 > old_main sentinel_network.c:180	findings/master_nosan/crashes/id:000000,sig:11,src:000000,time:123,execs:107,op:flip1,pos:6
no-repro |	findings/master_nosan/crashes/id:000001,sig:06,src:000000,time:152,execs:131,op:flip2,pos:6
negative-size-param | > append_telecommand_payload sentinel_network.c:68 > dispatch_telecommand sentinel_network.c:128 > old_main sentinel_network.c:180	findings/master_nosan/crashes/id:000002,sig:11,src:000000,time:381,execs:295,op:arith8,pos:6,val:-12
no-repro |	findings/master_nosan/crashes/id:000003,sig:11,sync:msan,src:000012
heap-buffer-overflow | > append_telecommand_payload sentinel_network.c:68 > dispatch_telecommand sentinel_network.c:136 > old_main sentinel_network.c:180	findings/master_nosan/crashes/id:000004,sig:06,src:000010,time:4835,execs:3515,op:havoc,rep:3
negative-size-param | > append_telecommand_payload sentinel_network.c:68 > dispatch_telecommand sentinel_network.c:128 > old_main sentinel_network.c:180	findings/master_nosan/crashes/id:000005,sig:11,src:000011,time:4932,execs:3591,op:havoc,rep:1
no-repro |	findings/master_nosan/crashes/id:000006,sig:06,src:000012,time:7741,execs:5662,op:havoc,rep:10
heap-use-after-free | > release_telecommand_record sentinel_network.c:73 > emergency_command_cleanup sentinel_network.c:83 > old_main sentinel_network.c:189	findings/master_nosan/crashes/id:000007,sig:06,src:000015,time:9199,execs:6718,op:havoc,rep:1
stack-buffer-overflow | > vsprintf (sentinel_network_asan_ubsan+0x4380d) (BuildId: 006626492187b053caab2cf57757f866090167d7) > sprintf (sentinel_network_asan_ubsan+0x4472c) (BuildId: 006626492187b053caab2cf57757f866090167d7) > log_telecommand_header sentinel_network.c:43	findings/master_nosan/crashes/id:000008,sig:11,sync:msan,src:000021
heap-buffer-overflow | > append_telecommand_payload sentinel_network.c:68 > dispatch_telecommand sentinel_network.c:136 > old_main sentinel_network.c:180	findings/master_nosan/crashes/id:000009,sig:06,src:000012,time:16442,execs:12177,op:havoc,rep:3
heap-buffer-overflow | > append_telecommand_payload sentinel_network.c:68 > dispatch_telecommand sentinel_network.c:136 > old_main sentinel_network.c:180	findings/master_nosan/crashes/id:000010,sig:06,src:000019,time:24260,execs:17197,op:havoc,rep:6
heap-use-after-free | > release_telecommand_record sentinel_network.c:73 > emergency_command_cleanup sentinel_network.c:83 > old_main sentinel_network.c:189	findings/master_nosan/crashes/id:000011,sig:06,src:000021,time:26951,execs:18852,op:havoc,rep:5
heap-buffer-overflow | > append_telecommand_payload sentinel_network.c:68 > dispatch_telecommand sentinel_network.c:136 > old_main sentinel_network.c:180	findings/master_nosan/crashes/id:000012,sig:06,src:000023,time:30324,execs:21103,op:havoc,rep:4
heap-use-after-free | > release_telecommand_record sentinel_network.c:73 > emergency_command_cleanup sentinel_network.c:83 > old_main sentinel_network.c:189	findings/master_nosan/crashes/id:000013,sig:06,src:000020,time:32000,execs:22280,op:havoc,rep:2
no-repro |	findings/master_nosan/crashes/id:000014,sig:11,src:000024,time:34745,execs:24224,op:havoc,rep:2
stack-buffer-overflow | > vsprintf (sentinel_network_asan_ubsan+0x4380d) (BuildId: 006626492187b053caab2cf57757f866090167d7) > sprintf (sentinel_network_asan_ubsan+0x4472c) (BuildId: 006626492187b053caab2cf57757f866090167d7) > log_telecommand_header sentinel_network.c:43	findings/master_nosan/crashes/id:000015,sig:11,src:000032,time:583990,execs:413907,op:havoc,rep:57
heap-use-after-free | > release_telecommand_record sentinel_network.c:73 > emergency_command_cleanup sentinel_network.c:83 > old_main sentinel_network.c:189	findings/master_nosan/crashes/id:000016,sig:06,src:000047,time:718375,execs:503944,op:havoc,rep:10
heap-buffer-overflow | > append_telecommand_payload sentinel_network.c:68 > dispatch_telecommand sentinel_network.c:136 > old_main sentinel_network.c:180	findings/master_nosan/crashes/id:000017,sig:06,src:000058,time:4375745,execs:2753054,op:havoc,rep:2
negative-size-param | > append_telecommand_payload sentinel_network.c:68 > dispatch_telecommand sentinel_network.c:128 > old_main sentinel_network.c:180	findings/msan/crashes/id:000000,sig:11,src:000002,time:86,execs:116,op:flip2,pos:4
heap-use-after-free | > release_telecommand_record sentinel_network.c:73 > emergency_command_cleanup sentinel_network.c:83 > old_main sentinel_network.c:189	findings/msan/crashes/id:000001,sig:06,src:000003,time:3078,execs:2883,op:havoc,rep:4
no-repro |	findings/msan/crashes/id:000002,sig:11,src:000012,time:5040,execs:4731,op:havoc,rep:2
no-repro |	findings/msan/crashes/id:000003,sig:11,src:000012,time:5060,execs:4734,op:havoc,rep:1
heap-use-after-free | > release_telecommand_record sentinel_network.c:73 > emergency_command_cleanup sentinel_network.c:83 > old_main sentinel_network.c:189	findings/msan/crashes/id:000004,sig:06,src:000018,time:23840,execs:19938,op:havoc,rep:3
stack-buffer-overflow | > vsprintf (sentinel_network_asan_ubsan+0x4380d) (BuildId: 006626492187b053caab2cf57757f866090167d7) > sprintf (sentinel_network_asan_ubsan+0x4472c) (BuildId: 006626492187b053caab2cf57757f866090167d7) > log_telecommand_header sentinel_network.c:43	findings/msan/crashes/id:000005,sig:11,src:000020,time:33775,execs:26907,op:havoc,rep:5
no-repro |	findings/msan/crashes/id:000006,sig:11,src:000020,time:41089,execs:28394,op:havoc,rep:6
no-repro |	findings/msan/crashes/id:000007,sig:06,src:000040,time:120747,execs:46059,op:havoc,rep:2
no-repro |	findings/msan/crashes/id:000008,sig:06,src:000039,time:144161,execs:59011,op:havoc,rep:3
heap-use-after-free | > release_telecommand_record sentinel_network.c:73 > emergency_command_cleanup sentinel_network.c:83 > old_main sentinel_network.c:189	findings/msan/crashes/id:000009,sig:06,src:000003,time:197484,execs:87749,op:havoc,rep:4
stack-buffer-overflow | > vsprintf (sentinel_network_asan_ubsan+0x4380d) (BuildId: 006626492187b053caab2cf57757f866090167d7) > sprintf (sentinel_network_asan_ubsan+0x4472c) (BuildId: 006626492187b053caab2cf57757f866090167d7) > log_telecommand_header sentinel_network.c:43	findings/msan/crashes/id:000010,sig:11,src:000003,time:601438,execs:288461,op:havoc,rep:30
stack-buffer-overflow | > vsprintf (sentinel_network_asan_ubsan+0x4380d) (BuildId: 006626492187b053caab2cf57757f866090167d7) > sprintf (sentinel_network_asan_ubsan+0x4472c) (BuildId: 006626492187b053caab2cf57757f866090167d7) > log_telecommand_header sentinel_network.c:43	findings/msan/crashes/id:000011,sig:11,src:000075,time:709697,execs:350849,op:havoc,rep:2
negative-size-param | > append_telecommand_payload sentinel_network.c:68 > dispatch_telecommand sentinel_network.c:128 > old_main sentinel_network.c:180	findings/nosan1/crashes/id:000000,sig:11,src:000002,time:82,execs:116,op:flip2,pos:4
no-repro |	findings/nosan1/crashes/id:000001,sig:06,src:000000,time:2443,execs:2426,op:havoc,rep:2
no-repro |	findings/nosan1/crashes/id:000002,sig:06,src:000003,time:2602,execs:2591,op:havoc,rep:3
no-repro |	findings/nosan1/crashes/id:000003,sig:06,src:000000,time:2781,execs:2764,op:havoc,rep:4
heap-use-after-free | > release_telecommand_record sentinel_network.c:73 > emergency_command_cleanup sentinel_network.c:83 > old_main sentinel_network.c:189	findings/nosan1/crashes/id:000004,sig:06,src:000003,time:6544,execs:6300,op:havoc,rep:2
negative-size-param | > append_telecommand_payload sentinel_network.c:68 > dispatch_telecommand sentinel_network.c:128 > old_main sentinel_network.c:180	findings/nosan1/crashes/id:000005,sig:11,src:000012,time:10947,execs:10147,op:havoc,rep:1
heap-use-after-free | > release_telecommand_record sentinel_network.c:73 > emergency_command_cleanup sentinel_network.c:83 > old_main sentinel_network.c:189	findings/nosan1/crashes/id:000006,sig:06,src:000013,time:13341,execs:11978,op:havoc,rep:1
heap-use-after-free | > release_telecommand_record sentinel_network.c:73 > emergency_command_cleanup sentinel_network.c:83 > old_main sentinel_network.c:189	findings/nosan1/crashes/id:000007,sig:06,src:000013,time:14510,execs:12852,op:havoc,rep:1
heap-buffer-overflow | > append_telecommand_payload sentinel_network.c:68 > dispatch_telecommand sentinel_network.c:136 > old_main sentinel_network.c:180	findings/nosan1/crashes/id:000008,sig:06,src:000013,time:15571,execs:13734,op:havoc,rep:2
no-repro |	findings/nosan1/crashes/id:000009,sig:06,src:000012,time:27132,execs:22718,op:havoc,rep:1
heap-use-after-free | > release_telecommand_record sentinel_network.c:73 > emergency_command_cleanup sentinel_network.c:83 > dispatch_telecommand sentinel_network.c:142	findings/nosan1/crashes/id:000010,sig:06,src:000018,time:44993,execs:35421,op:havoc,rep:1
heap-use-after-free | > release_telecommand_record sentinel_network.c:73 > emergency_command_cleanup sentinel_network.c:83 > old_main sentinel_network.c:189	findings/nosan1/crashes/id:000011,sig:06,src:000020,time:48240,execs:37831,op:havoc,rep:5
no-repro |	findings/nosan1/crashes/id:000012,sig:06,src:000024,time:53526,execs:41757,op:quick,pos:52
no-repro |	findings/nosan1/crashes/id:000013,sig:11,src:000024,time:57264,execs:44410,op:havoc,rep:2
heap-use-after-free | > release_telecommand_record sentinel_network.c:73 > emergency_command_cleanup sentinel_network.c:83 > dispatch_telecommand sentinel_network.c:142	findings/nosan1/crashes/id:000014,sig:06,src:000024,time:87984,execs:66850,op:havoc,rep:6
stack-buffer-overflow | > printf_common(void*, char const*, char*) asan_interceptors.cpp.o > vsprintf (sentinel_network_asan_ubsan+0x43616) (BuildId: 006626492187b053caab2cf57757f866090167d7) > sprintf (sentinel_network_asan_ubsan+0x4472c) (BuildId: 006626492187b053caab2cf57757f866090167d7)	findings/nosan1/crashes/id:000015,sig:11,src:000034,time:600490,execs:435893,op:havoc,rep:13
heap-use-after-free | > release_telecommand_record sentinel_network.c:73 > emergency_command_cleanup sentinel_network.c:83 > dispatch_telecommand sentinel_network.c:142	findings/nosan1/crashes/id:000016,sig:06,src:000051,time:1186332,execs:826187,op:havoc,rep:3
heap-buffer-overflow | > append_telecommand_payload sentinel_network.c:68 > dispatch_telecommand sentinel_network.c:136 > old_main sentinel_network.c:180	findings/nosan1/crashes/id:000017,sig:06,src:000046,time:3934258,execs:2409224,op:havoc,rep:1
negative-size-param | > append_telecommand_payload sentinel_network.c:68 > dispatch_telecommand sentinel_network.c:128 > old_main sentinel_network.c:180	findings/nosan2/crashes/id:000000,sig:11,src:000002,time:84,execs:116,op:flip2,pos:4
no-repro |	findings/nosan2/crashes/id:000001,sig:11,src:000011,time:5020,execs:4722,op:havoc,rep:8
negative-size-param | > append_telecommand_payload sentinel_network.c:68 > dispatch_telecommand sentinel_network.c:128 > old_main sentinel_network.c:180	findings/nosan2/crashes/id:000002,sig:11,src:000010,time:7139,execs:6369,op:havoc,rep:1
no-repro |	findings/nosan2/crashes/id:000003,sig:06,src:000013,time:8469,execs:7383,op:havoc,rep:7
heap-use-after-free | > release_telecommand_record sentinel_network.c:73 > emergency_command_cleanup sentinel_network.c:83 > old_main sentinel_network.c:189	findings/nosan2/crashes/id:000004,sig:06,src:000013,time:8616,execs:7497,op:havoc,rep:1
heap-use-after-free | > release_telecommand_record sentinel_network.c:73 > emergency_command_cleanup sentinel_network.c:83 > old_main sentinel_network.c:189	findings/nosan2/crashes/id:000005,sig:06,src:000013,time:8693,execs:7550,op:havoc,rep:2
negative-size-param | > append_telecommand_payload sentinel_network.c:68 > dispatch_telecommand sentinel_network.c:128 > old_main sentinel_network.c:180	findings/nosan2/crashes/id:000006,sig:11,src:000011,time:19773,execs:16273,op:havoc,rep:1
heap-use-after-free | > release_telecommand_record sentinel_network.c:73 > emergency_command_cleanup sentinel_network.c:83 > old_main sentinel_network.c:189	findings/nosan2/crashes/id:000007,sig:06,src:000011,time:19780,execs:16276,op:havoc,rep:2
negative-size-param | > append_telecommand_payload sentinel_network.c:68 > dispatch_telecommand sentinel_network.c:128 > old_main sentinel_network.c:180	findings/nosan2/crashes/id:000008,sig:11,src:000017,time:31765,execs:25272,op:havoc,rep:5
heap-use-after-free | > release_telecommand_record sentinel_network.c:73 > emergency_command_cleanup sentinel_network.c:83 > old_main sentinel_network.c:189	findings/nosan2/crashes/id:000009,sig:06,src:000019,time:36925,execs:28633,op:havoc,rep:2
negative-size-param | > append_telecommand_payload sentinel_network.c:68 > dispatch_telecommand sentinel_network.c:128 > old_main sentinel_network.c:180	findings/nosan2/crashes/id:000010,sig:11,src:000022,time:44645,execs:33805,op:havoc,rep:1
heap-buffer-overflow | > append_telecommand_payload sentinel_network.c:68 > dispatch_telecommand sentinel_network.c:136 > old_main sentinel_network.c:180	findings/nosan2/crashes/id:000011,sig:06,src:000023,time:47450,execs:35873,op:havoc,rep:2
heap-use-after-free | > release_telecommand_record sentinel_network.c:73 > emergency_command_cleanup sentinel_network.c:83 > old_main sentinel_network.c:189	findings/nosan2/crashes/id:000012,sig:06,src:000024,time:84796,execs:62762,op:havoc,rep:7
no-repro |	findings/nosan2/crashes/id:000013,sig:06,src:000032,time:593079,execs:427548,op:havoc,rep:5
heap-use-after-free | > release_telecommand_record sentinel_network.c:73 > emergency_command_cleanup sentinel_network.c:83 > old_main sentinel_network.c:189	findings/nosan2/crashes/id:000014,sig:06,src:000046,time:816892,execs:577675,op:havoc,rep:3
heap-buffer-overflow | > append_telecommand_payload sentinel_network.c:68 > dispatch_telecommand sentinel_network.c:136 > old_main sentinel_network.c:180	findings/nosan2/crashes/id:000015,sig:06,src:000064,time:3674944,execs:2270527,op:havoc,rep:62
heap-buffer-overflow | > append_telecommand_payload sentinel_network.c:68 > dispatch_telecommand sentinel_network.c:136 > old_main sentinel_network.c:180	findings/nosan2/crashes/id:000016,sig:06,src:000064,time:5796247,execs:3186839,op:havoc,rep:31
negative-size-param | > append_telecommand_payload sentinel_network.c:68 > dispatch_telecommand sentinel_network.c:128 > old_main sentinel_network.c:180	findings/nosan3/crashes/id:000000,sig:11,src:000002,time:100,execs:116,op:flip2,pos:4
heap-use-after-free | > release_telecommand_record sentinel_network.c:73 > emergency_command_cleanup sentinel_network.c:83 > old_main sentinel_network.c:189	findings/nosan3/crashes/id:000001,sig:06,src:000012,time:3181,execs:2586,op:havoc,rep:1
negative-size-param | > append_telecommand_payload sentinel_network.c:68 > dispatch_telecommand sentinel_network.c:128 > old_main sentinel_network.c:180	findings/nosan3/crashes/id:000002,sig:11,src:000000,time:3856,execs:3074,op:havoc,rep:2
heap-use-after-free | > release_telecommand_record sentinel_network.c:73 > emergency_command_cleanup sentinel_network.c:83 > old_main sentinel_network.c:189	findings/nosan3/crashes/id:000003,sig:06,src:000012,time:5988,execs:4767,op:havoc,rep:1
negative-size-param | > append_telecommand_payload sentinel_network.c:68 > dispatch_telecommand sentinel_network.c:128 > old_main sentinel_network.c:180	findings/nosan3/crashes/id:000004,sig:11,src:000011,time:7407,execs:5991,op:havoc,rep:2
no-repro |	findings/nosan3/crashes/id:000005,sig:06,src:000014,time:7643,execs:6189,op:havoc,rep:4
heap-buffer-overflow | > append_telecommand_payload sentinel_network.c:68 > dispatch_telecommand sentinel_network.c:136 > old_main sentinel_network.c:180	findings/nosan3/crashes/id:000006,sig:06,src:000009,time:8927,execs:7270,op:havoc,rep:5
heap-use-after-free | > release_telecommand_record sentinel_network.c:73 > emergency_command_cleanup sentinel_network.c:83 > old_main sentinel_network.c:189	findings/nosan3/crashes/id:000007,sig:06,src:000015,time:11635,execs:9313,op:havoc,rep:1
heap-use-after-free | > release_telecommand_record sentinel_network.c:73 > emergency_command_cleanup sentinel_network.c:83 > old_main sentinel_network.c:189	findings/nosan3/crashes/id:000008,sig:06,src:000020,time:35172,execs:26462,op:havoc,rep:7
heap-buffer-overflow | > append_telecommand_payload sentinel_network.c:68 > dispatch_telecommand sentinel_network.c:136 > old_main sentinel_network.c:180	findings/nosan3/crashes/id:000009,sig:06,src:000023,time:39764,execs:29683,op:havoc,rep:1
no-repro |	findings/nosan3/crashes/id:000010,sig:06,src:000024,time:46476,execs:34703,op:havoc,rep:1
heap-buffer-overflow | > append_telecommand_payload sentinel_network.c:68 > dispatch_telecommand sentinel_network.c:136 > old_main sentinel_network.c:180	findings/nosan3/crashes/id:000011,sig:11,src:000024,time:47400,execs:35308,op:havoc,rep:7
heap-buffer-overflow | > append_telecommand_payload sentinel_network.c:68 > dispatch_telecommand sentinel_network.c:136 > old_main sentinel_network.c:180	findings/nosan3/crashes/id:000012,sig:11,src:000038,time:602131,execs:434883,op:havoc,rep:12
heap-use-after-free | > release_telecommand_record sentinel_network.c:73 > emergency_command_cleanup sentinel_network.c:83 > old_main sentinel_network.c:189	findings/nosan3/crashes/id:000013,sig:06,src:000046,time:772105,execs:547443,op:havoc,rep:9
heap-use-after-free | > release_telecommand_record sentinel_network.c:73 > emergency_command_cleanup sentinel_network.c:83 > dispatch_telecommand sentinel_network.c:142	findings/nosan3/crashes/id:000014,sig:06,src:000061,time:3968432,execs:2265832,op:havoc,rep:1
